clade	gene	site	alt

19A	nuc	8782	C
19A	nuc	14408	C

19B	nuc	8782	T
19B	nuc	28144	C

20A	clade	19A
20A	nuc	14408	T
20A	nuc	23403	G

20B	clade	20A
20B	nuc	28881	A
20B	nuc	28882	A

20C	clade	20A
20C	nuc	1059	T
20C	nuc	25563	T

20D	clade	20B
20D	nuc	4002	T
20D	nuc	10097	A
20D	nuc	13536	T
20D	nuc	23731	T

20E (EU1)	clade	20A
20E (EU1)	nuc	22227	T
20E (EU1)	nuc	28932	T
20E (EU1)	nuc	29645	T

20F	clade	20B
20F	nuc	1163	T
20F	nuc	7540	C
20F	nuc	16647	T
20F	nuc	18555	T
20F	nuc	22992	A
20F	nuc	23401	A

20G	clade	20C
20G	nuc	10319	T
20G	nuc	18424	G
20G	nuc	25907	T
20G	nuc	27964	T
20G	nuc	28472	T
20G	nuc	28869	T

20H (Beta, V2)	clade	20C
20H (Beta, V2)	nuc	23012	A
20H (Beta, V2)	nuc	23063	T
20H (Beta, V2)	nuc	23403	G
20H (Beta, V2)	nuc	26456	T

20I (Alpha, V1)	clade	20B
20I (Alpha, V1)	nuc	14676	T
20I (Alpha, V1)	nuc	15279	T
20I (Alpha, V1)	nuc	23063	T

20J (Gamma, V3)	clade	20B
20J (Gamma, V3)	nuc	733	C
20J (Gamma, V3)	nuc	2749	T
20J (Gamma, V3)	nuc	3828	T
20J (Gamma, V3)	nuc	5648	C
20J (Gamma, V3)	nuc	12778	T
20J (Gamma, V3)	nuc	13860	T

21A (Delta)	clade	20A
21A (Delta)	nuc	21618	G
21A (Delta)	nuc	26767	C
21A (Delta)	nuc	28461	G

21B (Kappa)	clade	20A
21B (Kappa)	nuc	17523	T
21B (Kappa)	nuc	22917	G
21B (Kappa)	nuc	23012	C
21B (Kappa)	nuc	27638	C
21B (Kappa)	nuc	28881	T
21B (Kappa)	nuc	29402	T

21C (Epsilon)	clade	20C
21C (Epsilon)	nuc	17014	T
21C (Epsilon)	nuc	21600	T
21C (Epsilon)	nuc	22018	T
21C (Epsilon)	nuc	22917	G

21D (Eta)	clade	20A
21D (Eta)	nuc	14407	T
21D (Eta)	nuc	20724	G
21D (Eta)	nuc	23593	C
21D (Eta)	nuc	24224	C
21D (Eta)	nuc	24748	T

21E (Theta)	clade	20B
21E (Theta)	nuc	12049	T
21E (Theta)	nuc	23341	C
21E (Theta)	nuc	23604	A
21E (Theta)	nuc	24187	A
21E (Theta)	nuc	24836	A

21F (Iota)	clade	20C
21F (Iota)	nuc	16500	C
21F (Iota)	nuc	20262	G
21F (Iota)	nuc	21575	T
21F (Iota)	nuc	22320	G

21G (Lambda)	clade	20D
21G (Lambda)	nuc	21786	T
21G (Lambda)	nuc	21789	T
21G (Lambda)	nuc	22917	A
21G (Lambda)	nuc	23031	C

21H (Mu)	clade	20A
21H (Mu)	nuc	3428	G
21H (Mu)	nuc	4878	T
21H (Mu)	nuc	11451	G
21H (Mu)	nuc	13057	T
21H (Mu)	nuc	17491	T
21H (Mu)	nuc	27925	A

21I (Delta)	clade	21A (Delta)
21I (Delta)	nuc	5184	T
21I (Delta)	nuc	9891	T
21I (Delta)	nuc	22227	T

21J (Delta)	clade	21A (Delta)
21J (Delta)	nuc	11332	G
21J (Delta)	nuc	19220	T

21K (Omicron)	clade	21M
21K (Omicron)	nuc	15240	T
21K (Omicron)	nuc	23202	A
21K (Omicron)	nuc	23525	T
21K (Omicron)	nuc	27259	C

21L (Omicron)	clade	21M
21L (Omicron)	nuc	21618	T
21L (Omicron)	nuc	22775	A

21M	clade	20B
21M	nuc	18163	G
21M	nuc	23599	G

22A	clade	21L (Omicron)
22A	nuc	12160	A
22A	nuc	9866	C
22A	nuc	28724	T

22B	clade	21L (Omicron)
22B	nuc	12160	A
22B	nuc	9866	C
22B	nuc	27259	A

22C	clade	21L (Omicron)
22C	nuc	22917	A
22C	nuc	23673	T

22D	clade	21L (Omicron)
22D	nuc	3796	T
22D	nuc	26275	G

22E	clade	22B
22E	nuc	14257	C
22E	nuc	16935	A
22E	nuc	28312	T
22E	nuc	22942	A

22F	clade	21L (Omicron)
22F	nuc	15461	A
22F	nuc	17859	C
22F	nuc	23019	C
22F	nuc	26275	G

23A	clade	22F
23A	nuc	22317	T
23A	nuc	23018	C
23A	nuc	27915	T

23B	clade	22F
23B	nuc	12730	A
23B	nuc	14856	G
23B	nuc	18703	T
23B	nuc	28447	G

23C	clade	22D
23C	nuc	3857	A
23C	nuc	20741	G
23C	nuc	22599	C
23C	nuc	22917	G
23C	nuc	22893	C
23C	nuc	23019	C

23D	clade	22F
23D	nuc	5720	A
23D	nuc	12789	T
23D	nuc	28297	C

23E	clade	22F
23E	nuc	4234	T
23E	nuc	23123	T
23E	nuc	27431	T

23F	clade	23D
23F	nuc	2334	T
23F	nuc	9693	T
23F	nuc	21718	T
23F	nuc	22480	T
23F	nuc	22930	A

23G	clade	23A
23G	nuc	8737	C
23G	nuc	25045	G
23G	nuc	28005	T

23H	clade	23F
23H	nuc	13627	A
23H	nuc	22927	T

23I	clade	21L (Omicron)
23I	nuc	897	A
23I	nuc	15756	A
23I	nuc	28958	A

24A	clade	23I
24A	nuc	11727	A
24A	nuc	22926	C
24A	nuc	27810	C

24B	clade	24A
24B	nuc	7113	T
24B	nuc	17334	T
24B	nuc	22928	C
24B	nuc	24872	T

24C	clade	24B
24C	nuc	23039	G

24D	clade	21L (Omicron)
24D	nuc	1170	T
24D	nuc	11572	T
24D	nuc	12473	T
24D	nuc	15939	C

24E	clade	24C
24E	nuc	13121	T
24E	nuc	15372	T
24E	nuc	19722	G

24F	clade	24A
24F	nuc	18657	T
24F	nuc	19716	T
24F	nuc	21627	A
24F	nuc	21738	C
24F	nuc	22928	C
24F	nuc	23039	G
24F	nuc	24872	T

24G	clade	24B
24G	nuc	22599	C
24G	nuc	25593	T

24H	clade	24A
24H	nuc	16600	C
24H	nuc	12892	A

24I	clade	24A
24I	nuc	936	T
24I	nuc	7393	T
24I	nuc	22995	C

25A	clade	24B
25A	nuc	4999	T
25A	nuc	22110	A
25A	nuc	22132	T
25A	nuc	25925	T
